datasetid,recordid,coolingtype,stationtype,placename,city,district,address,phone,twd97tm2_x,twd97tm2_y,longitude,latitude,openinghours,airconditioning,restroom,seats,waterdispenser,isoutdoor,isaccessible
室內,Xiaobei95,小北百貨,合作涼爽點,小北百貨-新民店,嘉義市,西區垂,嘉義市西區垂楊里新民路765號1、2樓,05-2949259,192757.478,2596456.143,120.43965,23.47014,24小時營業,1,1,0,0,0,0
室內,Xiaobei94,小北百貨,合作涼爽點,小北百貨-興達店,嘉義市,西區新,嘉義市西區新厝里興達路361號,05-2949221,192718.594,2598534.978,120.43919,23.48891,24小時營業,1,1,0,0,0,0
室內,Xiaobei93,小北百貨,合作涼爽點,小北百貨-吳鳳店,嘉義市,東區吳,嘉義市東區吳鳳南路523號,05-2949020,194541.518,2595465.892,120.45715,23.46126,24小時營業,1,1,0,0,0,0
室內,Xiaobei92,小北百貨,合作涼爽點,小北百貨-民權店,嘉義市,東區中,嘉義市東區中山里民權路98號,05-2767036,194716.391,2597954.771,120.45877,23.48374,24小時營業,1,1,0,0,0,0
室內,pcsc982454,統一超商,合作涼爽點,統一超商-新嘉家,嘉義市,東區,嘉義市東區宣信里和平路103號1樓,,194609.255,2596903.1,120.45776,23.47424,24小時營業,1,1,1,0,0,0
室內,pcsc972125,統一超商,合作涼爽點,統一超商-嘉英,嘉義市,東區,嘉義市東區荖藤里忠孝北街206號,,193123.44,2601567.899,120.443038,23.516311,24小時營業,1,1,1,0,0,0
室內,pcsc967318,統一超商,合作涼爽點,統一超商-博元,嘉義市,西區,嘉義市西區博愛路二段572號,,191833.519,2596602.629,120.4306,23.47143,24小時營業,1,1,1,0,0,0
室內,pcsc951070,統一超商,合作涼爽點,統一超商-新嘉基,嘉義市,東區,嘉義市東區頂庄里忠孝路650號(嘉義基督教醫院門診大樓外),,193900.2436,2599781.3755,120.450712,23.500206,24小時營業,1,1,1,0,0,0
室內,pcsc293493,統一超商,合作涼爽點,統一超商-新嘉勝,嘉義市,西區,嘉義市西區博愛路一段419、421號及北興街148號150號152號,,192990.255,2597997.916,120.44187,23.48407,24小時營業,1,1,1,0,0,0
室內,pcsc284189,統一超商,合作涼爽點,統一超商-嘉府,嘉義市,東區,嘉義市東區民權路194號196號198號,,194348.465,2597904.109,120.45517,23.48327,24小時營業,1,1,1,0,0,0
室內,pcsc283485,統一超商,合作涼爽點,統一超商-八大,嘉義市,西區,嘉義市西區保福里八德路237號,,191796.17,2598519.779,120.43016,23.48874,24小時營業,1,1,1,0,0,0
室內,pcsc280073,統一超商,合作涼爽點,統一超商-嘉北,嘉義市,西區,嘉義市西區保安里興達路331號,,192498.2629,2598272.7606,120.437043,23.486534,24小時營業,1,1,1,0,0,0
室內,pcsc278427,統一超商,合作涼爽點,統一超商-新瑞鴻,嘉義市,西區,嘉義市西區文化里民族路456號458號1樓,,193790.63,2597114.592,120.449739,23.476122,24小時營業,1,1,1,0,0,0
室內,pcsc275428,統一超商,合作涼爽點,統一超商-嘉上,嘉義市,西區,嘉義市西區車店里上海路147號1樓,,191991.551,2596005.092,120.43217,23.46604,24小時營業,1,1,1,0,0,0
室內,pcsc269526,統一超商,合作涼爽點,統一超商-體育場,嘉義市,東區,嘉義市東區體育路29號,,194924.935,2596636.126,120.46086,23.47184,24小時營業,1,1,1,0,0,0
室內,pcsc260781,統一超商,合作涼爽點,統一超商-台林,嘉義市,東區,嘉義市東區新生路723號,,194319.91,2599263.058,120.45484,23.49554,24小時營業,1,1,1,0,0,0
室內,pcsc258308,統一超商,合作涼爽點,統一超商-林森東,嘉義市,東區,嘉義市東區林森東路315-1號,,195558.798,2598696.935,120.46699,23.49047,24小時營業,1,1,1,0,0,0
室內,pcsc253576,統一超商,合作涼爽點,統一超商-新大業,嘉義市,東區,嘉義市東區安寮里24鄰吳鳳南路194號,,194280.978,2596269.774,120.45457,23.46851,24小時營業,1,1,1,0,0,0
室內,pcsc251994,統一超商,合作涼爽點,統一超商-嘉和,嘉義市,東區,嘉義市東區中山路169號171號173號,,194418.28,2597727.762,120.45586,23.48168,06:00~23:59,1,1,1,0,0,0
室內,pcsc250555,統一超商,合作涼爽點,統一超商-元福,嘉義市,東區,嘉義市東區王田里林森東路288號,,195221.53,2598505.839,120.463695,23.488733,06:00~23:59,1,1,1,0,0,0
室內,pcsc249049,統一超商,合作涼爽點,統一超商-軍暉,嘉義市,東區,嘉義市東區軍輝路60號1樓,,195212.95,2594877.319,120.463743,23.455968,24小時營業,1,1,1,0,0,0
室內,pcsc236043,統一超商,合作涼爽點,統一超商-砡安,嘉義市,東區,嘉義市東區頂庄里義教街556號,,194567.92,2599591.21,120.457256,23.498512,06:00~23:59,1,1,1,0,0,0
室內,pcsc232801,統一超商,合作涼爽點,統一超商-臻暉,嘉義市,東區,嘉義市東區民族路101號,,194731.76,2597174.2,120.458949,23.476692,24小時營業,1,1,1,0,0,0
室內,pcsc206639,統一超商,合作涼爽點,統一超商-富砡,嘉義市,西區,嘉義市西區劉厝路221-1號、223號1樓,,190590.489,2595866.5,120.418461,23.464738,24小時營業,1,1,1,0,0,0
室內,pcsc192750,統一超商,合作涼爽點,統一超商-湖興,嘉義市,東區,嘉義市東區興安里24鄰興美六路368號1樓,,193600.51,2595186.299,120.44795,23.458703,24小時營業,1,1,1,0,0,0
室內,pcsc187965,統一超商,合作涼爽點,統一超商-立宣,嘉義市,東區,嘉義市東區立仁路120號,,195195.397,2595859.609,120.463536,23.464837,24小時營業,1,1,1,0,0,0
室內,pcsc182742,統一超商,合作涼爽點,統一超商-安捷,嘉義市,西區,嘉義市西區保安里保安一路301.303號1樓,,191998.63,2598832.387,120.43213,23.49157,24小時營業,1,1,1,0,0,0
室內,pcsc180023,統一超商,合作涼爽點,統一超商-嘉林,嘉義市,東區,嘉義市東區林森東路950號,,197136.16,2599165.109,120.482416,23.49475,24小時營業,1,1,1,0,0,0
室內,pcsc141512,統一超商,合作涼爽點,統一超商-北社尾,嘉義市,西區,嘉義市西區北湖里北社尾路165號附1,,191411.179,2599078.189,120.426369,23.493768,24小時營業,1,1,1,0,0,0
室內,pcsc137797,統一超商,合作涼爽點,統一超商-新嘉醫,嘉義市,西區,嘉義市西區福全里北港路309號,,191857.644,2597535.012,120.4308,23.47985,24小時營業,1,1,1,0,0,0
室內,pcsc112503,統一超商,合作涼爽點,統一超商-嘉雅,嘉義市,東區,嘉義市東區大雅路二段421號1樓,,196208.185,2597237.145,120.4734,23.47731,24小時營業,1,1,1,0,0,0
室內,FirstSecurities17,第一金證券股份有限公司,合作涼爽點,第一金證券股份有限公司嘉義分公司,嘉義市,東區,中山路307號3樓,(05)228-3636,193836.241,2597516.239,120.45017,23.47975,9:00~16:00,1,1,1,1,0,0
室內,FB_501,第一銀行,合作涼爽點,第一銀行商業股份有限公司嘉義分行,嘉義市,東區,嘉義市東區中山路307號,,192294.61,2596172.23,120.43513,23.46756,9:00~15:30,1,0,1,1,0,1
室內,FamilyMart2511,全家便利商店,合作涼爽點,全家便利商店-嘉義和平店,嘉義市,,和平路１５０號,05-2783145,194523.23,2597549.529,120.456894,23.480074,24小時營業,1,0,1,1,0,0
室內,FamilyMart2509,全家便利商店,合作涼爽點,全家便利商店-嘉義新東義店,嘉義市,,林森東路３１９巷６１號,05-2789206,195646.823,2598746.444,120.46785,23.49092,24小時營業,1,1,1,1,0,0
室內,FamilyMart2503,全家便利商店,合作涼爽點,全家便利商店-嘉義日新店,嘉義市,,彌陀路２３８巷６９號,05-2788326,195340.617,2596908.953,120.464919,23.474318,24小時營業,1,1,1,1,0,0
室內,FamilyMart2501,全家便利商店,合作涼爽點,全家便利商店-嘉義東雅店,嘉義市,,文雅街４１號,05-2763383,197495.799,2597925.481,120.485981,23.483568,24小時營業,1,0,1,1,0,0
室內,FamilyMart2497,全家便利商店,合作涼爽點,全家便利商店-嘉義湖子內店,嘉義市,,興安里興美六路１５０號壹樓,05-2275004,194038.399,2595180.54,120.452236,23.458666,24小時營業,1,1,1,1,0,0
室內,FamilyMart2496,全家便利商店,合作涼爽點,全家便利商店-嘉義博東店,嘉義市,,博東路１８３號,05-2788717,194808.829,2598725.95,120.459647,23.490707,24小時營業,1,1,1,1,0,0
室內,FamilyMart2494,全家便利商店,合作涼爽點,全家便利商店-嘉義保義店,嘉義市,,保義路１６９號,05-2789759,194129.303,2600170.785,120.45294,23.50373,24小時營業,1,1,1,1,0,0
室內,FamilyMart2492,全家便利商店,合作涼爽點,全家便利商店-嘉義仁義店,嘉義市,,台林街９９號,05-2766504,194232.261,2599130.683,120.453987,23.494342,24小時營業,1,1,1,1,0,0
室內,FamilyMart2491,全家便利商店,合作涼爽點,全家便利商店-嘉義芳草店,嘉義市,,芳草里１５鄰立仁路８號一樓,05-2235698,195511.19,2595976.72,120.466623,23.465905,24小時營業,1,0,1,1,0,0
室內,FamilyMart2487,全家便利商店,合作涼爽點,全家便利商店-嘉義興安店,嘉義市,,興安街１９９號,05-2226570,193841.045,2595421.555,120.450295,23.460836,24小時營業,1,1,1,1,0,0
室內,FamilyMart2484,全家便利商店,合作涼爽點,全家便利商店-嘉義台林店,嘉義市,,頂庄里台林街２６０號,05-2756775,194371.163,2599580.702,120.45533,23.49841,24小時營業,1,0,1,1,0,0
室內,FamilyMart2479,全家便利商店,合作涼爽點,全家便利商店-嘉義宣信店,嘉義市,,宣信街２４８號,05-2292039,194913.64,2596248.439,120.460764,23.468339,24小時營業,1,1,1,1,0,0
室內,FamilyMart2476,全家便利商店,合作涼爽點,全家便利商店-嘉義藍潭店,嘉義市,,大雅路二段５５７號,05-2764625,195825.151,2597263.904,120.469649,23.477539,24小時營業,1,0,1,1,0,0
室內,FamilyMart2472,全家便利商店,合作涼爽點,全家便利商店-嘉義大山店,嘉義市,,劉厝里３３鄰玉山路４９１號,05-2842826,190556.489,2596466.799,120.418105,23.470157,24小時營業,1,1,1,1,0,0
室內,FamilyMart2471,全家便利商店,合作涼爽點,全家便利商店-嘉義上新店,嘉義市,,上海路３２２號全部,05-2840713,192622.804,2596500.967,120.43833,23.47054,24小時營業,1,0,1,1,0,0
室內,FamilyMart2470,全家便利商店,合作涼爽點,全家便利商店-嘉義鑫德店,嘉義市,,八德路２８７號,05-2910448,191775.12,2598728.109,120.429946,23.49062,24小時營業,1,1,1,1,0,0
室內,FamilyMart2469,全家便利商店,合作涼爽點,全家便利商店-嘉義興雅店,嘉義市,,興雅路７２號,05-2910040,192191.038,2597891.402,120.43405,23.48308,24小時營業,1,1,1,1,0,0
室內,FamilyMart2468,全家便利商店,合作涼爽點,全家便利商店-嘉義北社尾店,嘉義市,,北湖里１３鄰北社尾路２６０號,05-2381503,191041.42,2599074.049,120.422749,23.493718,24小時營業,1,1,1,1,0,0
室內,FamilyMart2465,全家便利商店,合作涼爽點,全家便利商店-嘉義龍興店,嘉義市,,興達路１６６號附１,05-2911081,192908.82,2598551.5,120.441052,23.489066,24小時營業,1,1,1,1,0,0
室內,FamilyMart2463,全家便利商店,合作涼爽點,全家便利商店-嘉義自強店,嘉義市,,自強街８６號、８８號、９０號、９２號１樓,05-2863047,190906.139,2595893.134,120.42155,23.46499,24小時營業,1,1,1,1,0,0
室內,FamilyMart2460,全家便利商店,合作涼爽點,全家便利商店-嘉義向榮店,嘉義市,,國華街５１９號１樓,05-2319535,193459.872,2598494.464,120.446449,23.48857,24小時營業,1,0,1,1,0,0
室內,FamilyMart2458,全家便利商店,合作涼爽點,全家便利商店-嘉義友和店,嘉義市,,友愛路２００號,05-2910597,192201.38,2597664.333,120.43416,23.48103,24小時營業,1,1,1,1,0,0
室內,FamilyMart2455,全家便利商店,合作涼爽點,全家便利商店-嘉義竹圍店,嘉義市,,竹圍路１５２號,05-2911026,191706.413,2598295.322,120.42929,23.48671,24小時營業,1,0,1,1,0,0
室內,FamilyMart2453,全家便利商店,合作涼爽點,全家便利商店-嘉義湖瑞店,嘉義市,,光路里民生南路５８９號,05-2841584,193158.399,2594868.2,120.443635,23.455815,24小時營業,1,0,1,1,0,0
室內,FamilyMart2450,全家便利商店,合作涼爽點,全家便利商店-嘉義保安店,嘉義市,,保安二路１５９號,05-2911249,192620.494,2599047.004,120.43821,23.49353,24小時營業,1,1,1,1,0,0
室內,FamilyMart2448,全家便利商店,合作涼爽點,全家便利商店-嘉義仁安店,嘉義市,,仁愛路１７５號１樓,05-2843206,193067.926,2596426.143,120.44269,23.46988,24小時營業,1,1,1,1,0,0
室內,FamilyMart2447,全家便利商店,合作涼爽點,全家便利商店-嘉義光路店,嘉義市,,民生南路５２８號１樓,05-2843075,193133.92,2595264.177,120.44338,23.45939,24小時營業,1,1,1,1,0,0
室內,FamilyMart2446,全家便利商店,合作涼爽點,全家便利商店-嘉義憶富店,嘉義市,,民權路３９６號１樓,05-2229931,193609.459,2597780.68,120.44794,23.48213,24小時營業,1,0,1,1,0,0
室內,FamilyMart2444,全家便利商店,合作涼爽點,全家便利商店-嘉義德慶店,嘉義市,,中興路３１９之３號１樓,05-2319477,191984.22,2597770.398,120.43203,23.48198,24小時營業,1,0,1,1,0,0
室內,FamilyMart2443,全家便利商店,合作涼爽點,全家便利商店-嘉義漢口店,嘉義市,,南京路３９２號,05-2844070,192421.679,2595750.902,120.43639,23.46376,24小時營業,1,1,1,1,0,0
室內,FamilyMart2442,全家便利商店,合作涼爽點,全家便利商店-嘉義遠見店,嘉義市,,建國路１１６號１樓,05-2910493,192413.149,2598110.259,120.436216,23.485064,24小時營業,1,0,1,1,0,0
室內,FamilyMart2441,全家便利商店,合作涼爽點,全家便利商店-嘉義南京店,嘉義市,,車店里南京路４２３號４２７號,05-2838475,192374.51,2595967.041,120.43592,23.46571,24小時營業,1,1,1,1,0,0
室內,FamilyMart2440,全家便利商店,合作涼爽點,全家便利商店-嘉義國楊店,嘉義市,,垂楊路４３４號,05-2165585,193710.19,2596877.723,120.44896,23.47398,24小時營業,1,0,1,1,0,0
